geo_point_2d;Geo Shape;ID_VELIGO;NOM_VELIGO;TYP_VELIGO;CONSIGNE;ABRIS;TOT_CONSIG;TOT_ABRIS;TOTAL;ETAT;DATE_MES;ANNEE_MES;MOA;EXPLOITANT;WWW;ID_REF_LDA;NOM_LDA;NOM_GARE;LIGNES;IDREFLIGA;IDREFLIGC;INSEE_TXT;NOM_COMM;DPT;X_L93;Y_L93
48.4362545386, 2.15925074927;"{""type"": ""Point"", ""coordinates"": [2.159250749267775, 48.43625453863931]}";61;ETAMPES;consigne;40;0;40;0;40;En service;2016-01-05;2016;SNCF;Kisio;http://veligo.transilien.com/fr/articles.php;59577;Étampes (Gare);ETAMPES;C;A01840;C01727;91223;Étampes;91;637814.0;6815439.0
48.9842658381, 2.35307429387;"{""type"": ""Point"", ""coordinates"": [2.353074293868923, 48.98426583807714]}";101;GROSLAY;consigne;20;0;20;0;20;En service;2017-01-04;2017;SNCF;Kisio;http://veligo.transilien.com/fr/articles.php;65749;Groslay (Gare);GROSLAY;H;A01849;C01737;95288;Groslay;95;652649.0;6876230.0
48.532902141, 2.29043908308;"{""type"": ""Point"", ""coordinates"": [2.290439083083977, 48.53290214100676]}";1;BOURAY;consigne;20;0;20;0;20;En service;2016-03-29;2016;SNCF;Kisio;http://veligo.transilien.com/fr/articles.php;59830;Bouray;BOURAY;C;A01840;C01727;91330;Lardy;91;647614.0;6826087.0
48.8145284171, 2.42272704009;"{""type"": ""Point"", ""coordinates"": [2.422727040093094, 48.81452841710435]}";94;ECOLE VETERINAIRE DE MAISONS-ALFORT;abri;0;20;0;20;20;En service;2016-01-01;2016;CD94;;;70522;École Vétérinaire de Maisons-Alfort;ECOLE VETERINAIRE DE MAISONS-ALFORT;M8;A01541;C01378;94046;Maisons-Alfort;94;657609.0;6857317.0
48.9705255465, 2.02785813687;"{""type"": ""Point"", ""coordinates"": [2.027858136874351, 48.97052554650922]}";60;CHANTELOUP-LES-VIGNES;abri;0;20;0;20;20;En service;2015-01-11;2015;CU Grand Paris Seine et Oise;;;65443;Chanteloup-les-Vignes (Gare);CHANTELOUP-LES-VIGNES;J;A01852;C01739;78138;Chanteloup-les-Vignes;78;628828.0;6874947.0
48.843351714, 2.46429831609;"{""type"": ""Point"", ""coordinates"": [2.464298316093268, 48.843351713963926]}";14;FONTENAY-SOUS-BOIS;abri;0;20;0;50;50;En service;2015-01-11;2015;CD94;;;71630;Fontenay-sous-Bois (Gare);FONTENAY-SOUS-BOIS;A;A01856;C01742;94033;Fontenay-sous-Bois;94;660683.0;6860500.0
48.764392745, 2.4106367324;"{""type"": ""Point"", ""coordinates"": [2.410636732401363, 48.76439274498646]}";88;CHOISY-LE-ROI RER;abri;0;12;0;48;48;En service;2017-01-01;2017;CD94;;;69852;Choisy-le-Roi (Gare);CHOISY-LE-ROI RER;C;A01840;C01727;94022;Choisy-le-Roi;94;656680.0;6851749.0
48.9505776759, 2.23132270678;"{""type"": ""Point"", ""coordinates"": [2.231322706777759, 48.95057767587627]}";183;VAL-D'ARGENTEUIL;consigne;30;0;;;;En travaux;2019-01-02;2019;Ville d'Argenteuil;0;0;65110;Val d'Argenteuil;VAL-D'ARGENTEUIL;J;A01852;C01739;95018;Argenteuil;95;643701.0;6872564.0
48.8444130116, 2.52614061521;"{""type"": ""Point"", ""coordinates"": [2.526140615208138, 48.844413011639155]}";154;BRY-SUR-MARNE;abri;0;28;0;28;28;En service;2018-01-01;2018;CD94;;;73166;Bry-sur-Marne (Gare);BRY-SUR-MARNE;A;A01856;C01742;94015;Bry-sur-Marne;94;665223.0;6860589.0
48.9053779536, 2.26708963435;"{""type"": ""Point"", ""coordinates"": [2.267089634352109, 48.905377953634726]}";490;Bécon-les-Bruyères;consigne;40;0;;;;En travaux;;;SNCF;;;72134;Michel Ricard / Moulin des Bruyères;Bécon-les-Bruyères (en projet);L;A02176;C01740;92026;Courbevoie;92;646274.74;6867513.61
48.6893569974, 2.38289900071;"{""type"": ""Point"", ""coordinates"": [2.38289900070703, 48.68935699737377]}";185;JUVISY;consigne;72;0;72;0;72;En service;2018-12-18;2018;EPT Grand Orly Seine Bièvre;Kisio;http://www.grandorlyseinebievre.fr/projects/gare-de-juvisy-le-local-veligo-est-ouvert-cote-condorcet/;62737;Juvisy (Gare);JUVISY;C | D;A01840 | A01842;C01727 | C01728;91326;Juvisy-sur-Orge;91;654576.0;6843422.0
48.7149953133, 2.37258682984;"{""type"": ""Point"", ""coordinates"": [2.372586829844238, 48.714995313279]}";33;PORTE DE L'ESSONNE;consigne;32;0;32;0;32;En service;2015-05-18;2015;EPT Grand Orly Seine Bièvre;Kisio;http://www.portesessonne.fr/Vivre-et-entreprendre/Deplacements/Se-deplacer-a-pied-ou-a-velo;74009;Porte de L'Essonne;PORTE DE L'ESSONNE;T7;A02134;C01774;91027;Athis-Mons;91;653839.0;6846278.0
48.8946055652, 2.47743721299;"{""type"": ""Point"", ""coordinates"": [2.477437212993032, 48.89460556517152]}";76;BONDY;consigne;30;0;30;0;30;En service;2017-01-09;2017;Bondy;Indigo;https://www.ville-bondy.fr/vivre-a-bondy/cadre-de-vie/transport-et-stationnement/velo-bondycycle/;72037;Bondy (Gare);BONDY;P | E | T4;A01844 | A01843 | A01761;C01730 | C01729 | C01843;93010;Bondy;93;661685.0;6866193.0
49.0334191971, 2.12847120364;"{""type"": ""Point"", ""coordinates"": [2.128471203640308, 49.03341919708034]}";41;SAINT-OUEN-L'AUMONE-LIESSE;consigne;32;0;32;0;32;En service;2012-10-15;2012;CA Cergy Pontoise;Indigo;https://fr.parkindigo.com/parking/95032500;66659;Saint-Ouen l'Aumône - Liesse;SAINT-OUEN-L'AUMONE-LIESSE;H | C;A01849 | A01840;C01737 | C01727;95572;Saint-Ouen-l'Aumône;95;636270.0;6881855.0
49.0071568697, 2.19789345723;"{""type"": ""Point"", ""coordinates"": [2.197893457227013, 49.00715686967866]}";26;MONTIGNY-BEAUCHAMP;consigne;40;0;40;0;40;En service;2012-12-21;2012;SNCF;Kisio;http://veligo.transilien.com/fr/articles.php;66335;Montigny Beauchamp;MONTIGNY-BEAUCHAMP;H | C;A01849 | A01840;C01737 | C01727;95424;Montigny-lès-Cormeilles;95;641317.0;6878880.0
48.6809267851, 2.53229864486;"{""type"": ""Point"", ""coordinates"": [2.532298644861783, 48.680926785056926]}";2;BOUSSY-SAINT-ANTOINE;consigne;40;0;40;0;40;En service;2012-12-21;2012;SNCF;Kisio;http://veligo.transilien.com/fr/articles.php;62596;Boussy-Saint-Antoine (Gare);BOUSSY-SAINT-ANTOINE;D;A01842;C01728;91097;Boussy-Saint-Antoine;91;665567.0;6842409.0
48.9581659935, 2.32917924116;"{""type"": ""Point"", ""coordinates"": [2.329179241162339, 48.958165993525796]}";10;EPINAY-VILLETANEUSE;consigne;40;0;40;0;40;En service;2012-07-31;2012;SNCF;Kisio;http://veligo.transilien.com/fr/articles.php;65227;Épinay Villetaneuse (Gare);EPINAY-VILLETANEUSE;H;A01849;C01737;93031;Épinay-sur-Seine;93;650875.0;6873343.0
48.8428031915, 2.58215958476;"{""type"": ""Point"", ""coordinates"": [2.582159584760048, 48.84280319153116]}";175;NOISY-CHAMPS;consigne;20;0;20;12;32;En service;2018-01-05;2018;CA Paris Vallée de la Marne;Promo Métro;https://pvm.rouelibre.fr/;73163;Noisy Champs (Gare);NOISY-CHAMPS;A;A01856;C01742;77083;Champs-sur-Marne;77;669333.0;6860387.0
49.0194814422, 2.1539922212;"{""type"": ""Point"", ""coordinates"": [2.153992221203328, 49.01948144222377]}";131;PIERRELAYE;consigne;20;0;20;0;20;En service;2017-01-26;2017;SNCF;Kisio;http://veligo.transilien.com/fr/articles.php;66491;Pierrelaye (Gare);PIERRELAYE;C | H;A01840 | A01849;C01727 | C01737;95488;Pierrelaye;95;638120.0;6880284.0
48.9337850324, 2.30676311984;"{""type"": ""Point"", ""coordinates"": [2.306763119839979, 48.933785032374224]}";17;GENNEVILLIERS;consigne;40;0;40;0;40;En service;2012-12-21;2012;SNCF;Kisio;http://veligo.transilien.com/fr/articles.php;72303;Gennevilliers (Gare);GENNEVILLIERS;C;A01840;C01727;92036;Gennevilliers;92;649210.0;6870646.0
48.6070330817, 2.30272462197;"{""type"": ""Point"", ""coordinates"": [2.302724621973437, 48.60703308172115]}";3;BRETIGNY;consigne;40;0;40;0;40;En service;2016-01-15;2016;SNCF;Kisio;http://veligo.transilien.com/fr/articles.php;60247;Brétigny (Gare);BRETIGNY;C;A01840;C01727;91103;Brétigny-sur-Orge;91;648593.0;6834319.0
48.8040985978, 2.44383564707;"{""type"": ""Point"", ""coordinates"": [2.443835647067176, 48.8040985978124]}";159;MAISONS-ALFORT-LES JUILLIOTTES;abri;0;18;0;62;62;En service;2017-01-01;2017;CD94;;;70358;Maisons-Alfort Les Juilliottes;MAISONS-ALFORT-LES JUILLIOTTES;M8;A01541;C01378;94046;Maisons-Alfort;94;659151.0;6856146.0
48.8037479101, 2.44400399636;"{""type"": ""Point"", ""coordinates"": [2.44400399635877, 48.803747910122]}";117;MAISONS-ALFORT-LES JUILLIOTTES;abri;0;24;0;62;62;En service;2017-01-01;2017;CD94;;;70358;Maisons-Alfort Les Juilliottes;MAISONS-ALFORT-LES JUILLIOTTES;M8;A01541;C01378;94046;Maisons-Alfort;94;659163.0;6856107.0
48.8286407562, 2.22524152398;"{""type"": ""Point"", ""coordinates"": [2.225241523975805, 48.828640756197615]}";123;MUSEE DE SEVRES;abri;0;32;0;32;32;En service;2017-01-01;2017;EPT Grand Paris Seine Ouest;;;70692;Musée de Sèvres;MUSEE DE SEVRES;T2;A01192;C01390;92072;Sèvres;92;643123.0;6859010.0
48.8384035847, 2.49475104804;"{""type"": ""Point"", ""coordinates"": [2.494751048042683, 48.8384035846517]}";165;NOGENT-LE-PERREUX;abri;0;14;40;56;96;En service;2018-01-02;2018;CD94;;;71609;Nogent Le Perreux;NOGENT-LE-PERREUX;E;A01843;C01729;94058;Le Perreux-sur-Marne;94;662915.0;6859935.0
48.9375393396, 2.15794728843;"{""type"": ""Point"", ""coordinates"": [2.157947288425352, 48.937539339560026]}";44;SARTROUVILLE;consigne;88;0;88;0;88;En service;2012-05-15;2012;SNCF;Kisio;http://veligo.transilien.com/fr/articles.php;64918;Sartrouville (Gare);SARTROUVILLE;J | L | A;A01852 | A02176 | A01856;C01739 | C01740 | C01742;78586;Sartrouville;78;638312.0;6871169.0
48.3780637049, 2.7998143121;"{""type"": ""Point"", ""coordinates"": [2.799814312101116, 48.37806370494113]}";180;MORET-VENEUX-LES-SABLONS;consigne;40;0;40;0;40;En service;2018-11-16;2018;SNCF;Kisio;http://veligo.transilien.com/fr/articles.php;61410;Môret Veneux-les-Sablons;MORET-VENEUX-LES-SABLONS;R;A01845;C01731;77316;Moret-Loing-et-Orvanne;77;685176.0;6808659.0
48.8987937451, 2.12193889289;"{""type"": ""Point"", ""coordinates"": [2.121938892888306, 48.89879374508169]}";22;LE VESINET-LE PECQ;consigne;184;0;184;160;344;En service;2015-01-01;2015;CA Saint-Germain Boucles de Seine;Transdev;http://www.levesinet-veligo.fr/;64582;Le Vésinet - Le Pecq (Gare);LE VESINET-LE PECQ;A;A01856;C01742;78650;Le Vésinet;78;635626.0;6866890.0
49.0494253774, 2.03475866656;"{""type"": ""Point"", ""coordinates"": [2.034758666555613, 49.04942537742159]}";80;CERGY-SAINT-CHRISTOPHE;consigne;36;0;36;20;56;En service;2017-10-30;2017;CA Cergy Pontoise;Indigo;https://www.cergypontoise.fr/velo;66858;Cergy Saint-Christophe;CERGY-SAINT-CHRISTOPHE;A | L;A01856 | A02176;C01742 | C01740;95127;Cergy;95;629440.0;6883714.0
48.9014081626, 2.21215206453;"{""type"": ""Point"", ""coordinates"": [2.212152064532487, 48.90140816261657]}";124;NANTERRE-UNIVERSITE;consigne;100;0;100;0;100;En service;2016-09-20;2016;Ville de Nanterre;Promo Métro;https://nanterre.rouelibre.fr/;70956;Nanterre Université;NANTERRE-UNIVERSITE;A | L;A01856 | A02176;C01742 | C01740;92050;Nanterre;92;642243.0;6867110.0
48.8543183028, 2.49037133992;"{""type"": ""Point"", ""coordinates"": [2.490371339916686, 48.85431830275164]}";49;VAL-DE-FONTENAY;abri;0;20;0;120;120;En service;2015-01-11;2015;CD94;;;71718;Val de Fontenay;VAL-DE-FONTENAY;A | E;A01856 | A01843;C01742 | C01729;94033;Fontenay-sous-Bois;94;662605.0;6861707.0
48.7093029002, 2.45961528526;"{""type"": ""Point"", ""coordinates"": [2.459615285261905, 48.70930290024861]}";25;MONTGERON-CROSNE;abri;0;10;0;10;10;En service;2014-01-10;2014;Ville de Montgeron;;;63072;Montgeron Crosne;MONTGERON-CROSNE;D;A01842;C01728;91421;Montgeron;91;660238.0;6845598.0
48.8466898009, 2.41772860619;"{""type"": ""Point"", ""coordinates"": [2.417728606188809, 48.84668980088251]}";140;SAINT-MANDE-TOURELLE;abri;0;10;0;20;20;En service;2016-01-01;2016;CD94;;;71647;Saint-Mandé;SAINT-MANDE-TOURELLE;M1;A01534;C01371;94067;Saint-Mandé;94;657268.0;6860895.0
48.8901618012, 2.13512051967;"{""type"": ""Point"", ""coordinates"": [2.135120519666923, 48.89016180115463]}";107;LE VESINET-CENTRE;consigne;92;0;92;152;244;En service;2017-01-02;2017;CA Saint-Germain Boucles de Seine;Transdev;http://www.levesinet-veligo.fr/;64514;Le Vésinet Centre;LE VESINET-CENTRE;A;A01856;C01742;78650;Le Vésinet;78;636582.0;6865919.0
48.9235427989, 2.38472200017;"{""type"": ""Point"", ""coordinates"": [2.384722000166845, 48.92354279890801]}";102;LA COURNEUVE-AUBERVILLIERS;consigne;40;0;40;0;40;En service;2016-01-11;2016;SNCF;Kisio;http://veligo.transilien.com/fr/articles.php;72598;La Courneuve - Aubervilliers;LA COURNEUVE-AUBERVILLIERS;B;A01857;C01743;93027;La Courneuve;93;654913.0;6869459.0
48.8000870085, 2.12871213009;"{""type"": ""Point"", ""coordinates"": [2.12871213008536, 48.80008700847526]}";171;VERSAILLES RIVE GAUCHE;consigne;96;0;96;32;128;En service;2018-01-02;2018;SNCF;Kisio;http://veligo.transilien.com/fr/articles.php;73721;Versailles Château Rive Gauche;VERSAILLES RIVE GAUCHE;C;A01840;C01727;78646;Versailles;78;636002.0;6855909.0
48.41581733, 2.72605456486;"{""type"": ""Point"", ""coordinates"": [2.726054564861945, 48.41581732995595]}";12;FONTAINEBLEAU-AVON;consigne;112;0;112;28;140;En service;2014-05-23;2014;CC Pays de Fontainebleau;Transdev;https://www.pays-fontainebleau.fr/vos-transports/;61579;Fontainebleau Avon;FONTAINEBLEAU-AVON;R;A01845;C01731;77014;Avon;77;679729.0;6812871.0
48.8318096416, 1.94287899429;"{""type"": ""Point"", ""coordinates"": [1.942878994294109, 48.831809641562664]}";29;PLAISIR-GRIGNON;consigne;40;0;40;0;40;En service;2016-01-04;2016;SNCF;Kisio;http://veligo.transilien.com/fr/articles.php;64199;Plaisir Grignon (Gare);PLAISIR-GRIGNON;N;A01847;C01736;78490;Plaisir;78;622400.0;6859603.0
48.7392893977, 2.75989293025;"{""type"": ""Point"", ""coordinates"": [2.759892930246613, 48.739289397723915]}";148;TOURNAN;consigne;40;0;40;0;40;En service;2016-01-05;2016;SNCF;Kisio;http://veligo.transilien.com/fr/articles.php;67625;Tournan (Gare);TOURNAN;E;A01843;C01729;77470;Tournan-en-Brie;77;682342.0;6848823.0
48.7305613858, 2.44723755976;"{""type"": ""Point"", ""coordinates"": [2.447237559761617, 48.73056138581904]}";52;VILLENEUVE-SAINT-GEORGES;abri;0;12;0;56;56;En service;2015-01-11;2015;CD94;;;69568;Villeneuve-Saint-Georges (Gare);VILLENEUVE-SAINT-GEORGES;D;A01842;C01728;94078;Villeneuve-Saint-Georges;94;659343.0;6847968.0
48.9700520053, 2.26424535325;"{""type"": ""Point"", ""coordinates"": [2.264245353248135, 48.970052005325535]}";43;SANNOIS;abri;0;40;0;40;40;En service;2016-01-03;2016;SNCF;;;65441;Gare de Sannois;SANNOIS;L;A02176;C01740;95582;Sannois;95;646133.0;6874707.0
48.8452036757, 2.43104932148;"{""type"": ""Point"", ""coordinates"": [2.431049321477107, 48.8452036756509]}";72;BERAULT;abri;0;10;0;10;10;En service;2016-01-01;2016;CD94;;;417815;Vignerons;BERAULT;M1;A01534;C01371;94080;Vincennes;94;658245.0;6860723.0
48.6984010255, 2.50673272991;"{""type"": ""Point"", ""coordinates"": [2.50673272991412, 48.69840102547828]}";176;BRUNOY;abri;0;20;109;20;129;En service;2018-05-25;2018;SNCF;;;67476;Brunoy (Gare);BRUNOY;D;A01842;C01728;91114;Brunoy;91;663697.0;6844363.0
49.0143577223, 2.07911114945;"{""type"": ""Point"", ""coordinates"": [2.079111149450962, 49.01435772228431]}";27;NEUVILLE UNIVERSITE;consigne;32;0;32;0;32;En service;2012-10-15;2012;CA Cergy Pontoise;Indigo;http://www.cergypontoise.fr/jcms/rec2_48261/fr/ou-garer-son-velo;66436;Neuville Université;NEUVILLE UNIVERSITE;L | A;A02176 | A01856;C01740 | C01742;95450;Neuville-sur-Oise;95;632637.0;6879776.0
48.6533481701, 2.31448998311;"{""type"": ""Point"", ""coordinates"": [2.314489983108193, 48.65334817009387]}";40;SAINTE-GENEVIEVE-DES-BOIS;consigne;40;0;40;0;40;En service;2016-01-03;2016;SNCF;Kisio;http://veligo.transilien.com/fr/articles.php;60785;Sainte-Geneviève-des-Bois (Gare);SAINTE-GENEVIEVE-DES-BOIS;C;A01840;C01727;91549;Sainte-Geneviève-des-Bois;91;649506.0;6839460.0
48.7952983607, 2.65027850308;"{""type"": ""Point"", ""coordinates"": [2.650278503081631, 48.79529836065931]}";170;ROISSY-EN-BRIE;consigne;40;0;40;24;64;En service;2018-01-02;2018;CA Paris Vallée de la Marne;Promo Métro;https://pvm.rouelibre.fr/;67839;Roissy-en-Brie (Gare);ROISSY-EN-BRIE;E;A01843;C01729;77390;Roissy-en-Brie;77;674309.0;6855080.0
48.8025836556, 1.81505342853;"{""type"": ""Point"", ""coordinates"": [1.815053428525444, 48.80258365561511]}";63;MONTFORT-L'AMAURY-MERE;consigne;40;0;40;0;40;En service;2016-01-04;2016;SNCF;Kisio;http://veligo.transilien.com/fr/articles.php;63955;Montfort-l'Amaury Méré;MONTFORT-L'AMAURY-MERE;N;A01847;C01736;78389;Méré;78;612969.0;6856487.0
48.9231672256, 2.21808492623;"{""type"": ""Point"", ""coordinates"": [2.218084926228468, 48.92316722556347]}";30;PONT DE BEZONS;consigne;48;0;48;60;108;En service;2013-03-04;2013;CA Saint-Germain Boucles de Seine;Transdev;http://www.bezons-veligo.fr/;64758;Pont de Bezons;PONT DE BEZONS;T2;A01192;C01390;95063;Bezons;95;642702.0;6869526.0
48.7704518055, 2.42584581228;"{""type"": ""Point"", ""coordinates"": [2.425845812276692, 48.77045180552731]}";129;PARC INTERDEPARTEMENTAL DES SPORTS;abri;0;12;0;12;12;En service;2017-01-01;2017;CD94;;;69900;Parc Interdepartemental des Sports;PARC INTERDEPARTEMENTAL DES SPORTS;TVM | 393;A00924 | A01178;C01071 | C01318;94022;Choisy-le-Roi;94;657802.0;6852414.0
48.8901724348, 2.13395384554;"{""type"": ""Point"", ""coordinates"": [2.133953845542235, 48.890172434811845]}";106;LE VESINET-CENTRE;abri;0;152;92;152;244;En service;2017-01-02;2017;CA Saint Germain Boucles de Seine;;;64514;Le Vésinet Centre;LE VESINET-CENTRE;A;A01856;C01742;78650;Le Vésinet;78;636497.0;6865921.0
48.8428379993, 2.58210900056;"{""type"": ""Point"", ""coordinates"": [2.582109000556001, 48.84283799934779]}";174;NOISY-CHAMPS;abri;0;12;20;12;32;En service;2018-01-05;2018;CA Paris Vallée de la Marne;;;73163;Noisy Champs (Gare);NOISY-CHAMPS;A;A01856;C01742;77083;Champs-sur-Marne;77;669329.0;6860391.0
48.9456429441, 2.36420772617;"{""type"": ""Point"", ""coordinates"": [2.364207726174476, 48.94564294411154]}";39;SAINT-DENIS-UNIVERSITE;abri;0;20;32;20;52;En service;2015-05-11;2015;RATP;;;72358;Saint-Denis Université;SAINT-DENIS-UNIVERSITE;M13;A01546;C01383;93066;Saint-Denis;93;653429.0;6871929.0
48.7678689365, 2.4170949197;"{""type"": ""Point"", ""coordinates"": [2.417094919697356, 48.767868936480376]}";130;PASTEUR;abri;0;12;0;12;12;En service;2017-01-01;2017;CD94;;;69869;Hugo Mirabeau / Pasteur;PASTEUR;GPE;projet;projet;94022;Choisy-le-Roi;94;657157.0;6852132.0
49.0156859533, 2.24304929382;"{""type"": ""Point"", ""coordinates"": [2.243049293823318, 49.01568595334998]}";138;SAINT-LEU-LA-FORET;consigne;40;0;40;0;40;En service;2017-01-04;2017;SNCF;Kisio;http://veligo.transilien.com/fr/articles.php;66452;Saint-Leu-la-Forêt (Gare);SAINT-LEU-LA-FORET;H;A01849;C01737;95563;Saint-Leu-la-Forêt;95;644630.0;6879796.0
48.9810336418, 1.98317408312;"{""type"": ""Point"", ""coordinates"": [1.983174083119496, 48.98103364178946]}";150;VERNOUILLET-VERNEUIL;consigne;40;0;40;0;40;En service;2016-01-11;2016;SNCF;Kisio;http://veligo.transilien.com/fr/articles.php;65691;Vernouillet Verneuil;VERNOUILLET-VERNEUIL;J;A01852;C01739;78642;Verneuil-sur-Seine;78;625571.0;6876156.0
48.475789476, 2.69134210378;"{""type"": ""Point"", ""coordinates"": [2.691342103781178, 48.475789475953626]}";58;BOIS-LE-ROI;consigne;40;0;40;0;40;En service;2016-11-05;2016;SNCF;Kisio;http://veligo.transilien.com/fr/articles.php;61727;Bois-le-Roi (Gare);BOIS-LE-ROI;R;A01845;C01731;77037;Bois-le-Roi;77;677187.0;6819547.0
48.9821018688, 2.00516693623;"{""type"": ""Point"", ""coordinates"": [2.005166936233001, 48.982101868792284]}";64;TRIEL-SUR-SEINE;abri;0;10;0;10;10;En service;2015-01-11;2015;CU Grand Paris Seine et Oise;;;463843;Triel-sur-Seine (Gare);TRIEL-SUR-SEINE;J;A01852;C01739;78624;Triel-sur-Seine;78;627183.0;6876254.0
48.8548161187, 2.48966105092;"{""type"": ""Point"", ""coordinates"": [2.489661050921654, 48.85481611866352]}";47;VAL-DE-FONTENAY;abri;0;40;0;120;120;En service;2015-01-11;2015;CD94;;;71718;Val de Fontenay;VAL-DE-FONTENAY;A | E;A01856 | A01843;C01742 | C01729;94033;Fontenay-sous-Bois;94;662553.0;6861762.0
48.8539893483, 2.48784947691;"{""type"": ""Point"", ""coordinates"": [2.487849476914423, 48.85398934826189]}";50;VAL-DE-FONTENAY;abri;0;28;0;120;120;En service;2015-01-11;2015;CD94;;;71718;Val de Fontenay;VAL-DE-FONTENAY;A | E;A01856 | A01843;C01742 | C01729;94033;Fontenay-sous-Bois;94;662419.0;6861671.0
48.8463497867, 2.42010519492;"{""type"": ""Point"", ""coordinates"": [2.420105194915299, 48.84634978674348]}";139;SAINT-MANDE-TOURELLE;abri;0;10;0;20;20;En service;2016-01-01;2016;CD94;;;71647;Saint-Mandé;SAINT-MANDE-TOURELLE;M1;A01534;C01371;94080;Vincennes;94;657442.0;6860856.0
48.9314236162, 2.49562246148;"{""type"": ""Point"", ""coordinates"": [2.495622461480523, 48.931423616189484]}";68;AULNAY-SOUS-BOIS;consigne;60;0;60;0;60;En service;2017-03-13;2017;Aulnay-sous-Bois;Ville (régie);https://www.aulnay-sous-bois.fr/wp-content/uploads/2018/01/DU11b-Formulaire-inscription_veligo_2017.pdf;72646;Aulnay-sous-Bois (Gare);AULNAY-SOUS-BOIS;K | B | T4;A02175 | A01857 | A01761;C01738 | C01743 | C01843;93005;Aulnay-sous-Bois;93;663045.0;6870278.0
48.6671086819, 2.54734494716;"{""type"": ""Point"", ""coordinates"": [2.54734494715896, 48.66710868190043]}";6;COMBS-LA-VILLE-QUINCY;consigne;108;0;108;0;108;En service;2014-03-11;2014;CA Grand Paris Sud;Indigo;https://www.grandparissud.fr/actualites/veligo-pour-garer-votre-velo-avant-de-prendre-votre-train;62558;Combs-la-Ville Quincy;COMBS-LA-VILLE-QUINCY;D;A01842;C01728;77122;Combs-la-Ville;77;666666.0;6840867.0
48.6988311758, 2.5066523061;"{""type"": ""Point"", ""coordinates"": [2.506652306096907, 48.69883117580537]}";177;GARE DE L'EST;consigne;69;0;109;20;129;En service;2018-05-25;2018;SNCF;Kisio;http://veligo.transilien.com/fr/articles.php;67476;Brunoy (Gare);GARE DE L'EST;P;A01844;C01730;91114;Brunoy;91;663691.0;6844411.0
48.9308337505, 2.42530476676;"{""type"": ""Point"", ""coordinates"": [2.42530476676257, 48.93083375048456]}";21;LE BOURGET;consigne;54;0;54;0;54;En service;2015-11-27;2015;SNCF;Kisio;http://veligo.transilien.com/fr/articles.php;72641;Le Bourget (Gare);LE BOURGET;B;A01857;C01743;93013;Le Bourget;93;657892.0;6870248.0
49.0494605004, 2.03460862212;"{""type"": ""Point"", ""coordinates"": [2.034608622121177, 49.04946050042634]}";81;CERGY-SAINT-CHRISTOPHE;abri;0;20;36;20;56;En service;2017-01-01;2017;CA Cergy Pontoise;;;66858;Cergy Saint-Christophe;CERGY-SAINT-CHRISTOPHE;A | L;A01856 | A02176;C01742 | C01740;95127;Cergy;95;629429.0;6883718.0
48.9678841151, 2.19275209401;"{""type"": ""Point"", ""coordinates"": [2.192752094006804, 48.967884115087706]}";156;CORMEILLES-EN-PARISIS;abri;0;20;36;20;56;En service;2016-01-01;2016;Cormeilles;;;65399;Cormeilles-en-Parisis (Gare);CORMEILLES-EN-PARISIS;J;A01852;C01739;95176;Cormeilles-en-Parisis;95;640896.0;6874517.0
48.7527253322, 2.50535865371;"{""type"": ""Point"", ""coordinates"": [2.505358653710617, 48.75272533215195]}";75;BOISSY-SAINT-LEGER;abri;0;20;32;20;52;En service;2016-01-08;2016;RATP;;;72881;Boissy-Saint-Léger (Gare);BOISSY-SAINT-LEGER;A;A01856;C01742;94004;Boissy-Saint-Léger;94;663634.0;6850404.0
48.8200564293, 2.46413355779;"{""type"": ""Point"", ""coordinates"": [2.464133557788542, 48.820056429285636]}";160;JOINVILLE-LE-PONT;abri;0;24;0;44;44;En service;2017-01-06;2017;CD94;;;70640;Joinville-le-Pont (Gare);JOINVILLE-LE-PONT;A;A01856;C01742;94042;Joinville-le-Pont;94;660654.0;6857910.0
48.9469982875, 2.25684395377;"{""type"": ""Point"", ""coordinates"": [2.256843953773569, 48.946998287470315]}";65;ARGENTEUIL;abri;0;30;78;60;138;En service;2017-01-03;2017;Ville d'Argenteuil;;;65063;Argenteuil (Gare);ARGENTEUIL;J;A01852;C01739;95018;Argenteuil;95;645567.0;6872148.0
48.9548394274, 2.3908367851;"{""type"": ""Point"", ""coordinates"": [2.390836785100154, 48.95483942736795]}";187;STAINS CERISAIE;consigne;20;0;;;;En travaux;2018-01-11;2018;SNCF;;;426083;La Cerisaie;STAINS CERISAIE;T11;A02225;C01999;93072;Stains;93;655388.0;6872936.0
48.8454863015, 2.42787253378;"{""type"": ""Point"", ""coordinates"": [2.427872533776889, 48.84548630153985]}";71;BERAULT;abri;0;10;0;20;20;En service;2016-01-01;2016;CD94;;;71650;Bérault;BERAULT;M1;A01534;C01371;94067;Saint-Mandé;94;658012.0;6860756.0
48.5654006841, 2.5936829027;"{""type"": ""Point"", ""coordinates"": [2.593682902702469, 48.56540068412658]}";82;CESSON;consigne;40;0;40;0;40;En service;2015-12-15;2015;CA Grand Paris Sud;Indigo;https://www.grandparissud.fr/actualites/veligo-pour-garer-votre-velo-avant-de-prendre-votre-train;62176;Cesson (Gare);CESSON;D;A01842;C01728;77067;Cesson;77;670020.0;6829541.0
48.807637661, 2.50946878771;"{""type"": ""Point"", ""coordinates"": [2.509468787708649, 48.807637661004236]}";155;CHAMPIGNY;abri;0;20;0;20;20;En service;2017-01-01;2017;CD94;;;73042;Champigny;CHAMPIGNY;A;A01856;C01742;94068;Saint-Maur-des-Fossés;94;663974.0;6856507.0
48.7638519203, 2.41012584784;"{""type"": ""Point"", ""coordinates"": [2.4101258478441, 48.7638519203363]}";89;CHOISY-LE-ROI RER;abri;0;12;0;48;48;En service;2017-01-01;2017;CD94;;;69852;Choisy-le-Roi (Gare);CHOISY-LE-ROI RER;C;A01840;C01727;94022;Choisy-le-Roi;94;656642.0;6851689.0
48.9243528327, 2.25915019608;"{""type"": ""Point"", ""coordinates"": [2.259150196082157, 48.92435283269723]}";93;COLOMBES;consigne;96;0;96;0;96;En service;2016-09-09;2016;SNCF;Kisio;http://veligo.transilien.com/fr/articles.php;72244;Colombes (Gare);COLOMBES;J;A01852;C01739;92025;Colombes;92;645712.0;6869628.0
48.7723781189, 2.43506051793;"{""type"": ""Point"", ""coordinates"": [2.435060517934753, 48.77237811889695]}";9;CRETEIL-POMPADOUR;consigne;40;0;40;0;40;En service;2016-07-03;2016;SNCF;Kisio;http://veligo.transilien.com/fr/articles.php;69950;Créteil Pompadour;CRETEIL-POMPADOUR;D;A01842;C01728;94028;Créteil;94;658481.0;6852624.0
48.8067923862, 2.6185253432;"{""type"": ""Point"", ""coordinates"": [2.618525343204309, 48.80679238618135]}";173;EMERAINVILLE-PONTAULT-COMBAULT;consigne;20;0;60;0;60;En service;2018-01-05;2018;CA Paris Vallée de la Marne;Promo Métro;https://pvm.rouelibre.fr/;67897;Émerainville Pontault-Combault;EMERAINVILLE-PONTAULT-COMBAULT;E;A01843;C01729;77169;Émerainville;77;671983.0;6856369.0
48.8061634849, 2.61760556404;"{""type"": ""Point"", ""coordinates"": [2.617605564039494, 48.806163484858125]}";95;EMERAINVILLE-PONTAULT-COMBAULT;consigne;40;0;60;0;60;En service;2016-01-07;2016;SNCF;Kisio;http://veligo.transilien.com/fr/articles.php;67897;Émerainville Pontault-Combault;EMERAINVILLE-PONTAULT-COMBAULT;E;A01843;C01729;77373;Pontault-Combault;77;671915.0;6856300.0
48.9768090872, 2.39011629781;"{""type"": ""Point"", ""coordinates"": [2.390116297813592, 48.9768090871646]}";182;GARGES-SARCELLES;consigne;56;0;56;0;56;En service;2018-04-12;2018;SNCF;Kisio;http://veligo.transilien.com/fr/articles.php;65582;Garges Sarcelles;GARGES-SARCELLES;D;A01842;C01728;95585;Sarcelles;95;655354.0;6875380.0
48.6532701438, 2.39555882672;"{""type"": ""Point"", ""coordinates"": [2.395558826717846, 48.653270143767834]}";18;GRIGNY-CENTRE;consigne;40;0;40;0;40;En service;2016-01-05;2016;SNCF;Kisio;http://veligo.transilien.com/fr/articles.php;60797;Grigny Centre (Gare);GRIGNY-CENTRE;D;A01842;C01728;91286;Grigny;91;655477.0;6839403.0
48.918274364, 2.36212618315;"{""type"": ""Point"", ""coordinates"": [2.362126183148929, 48.91827436396334]}";157;LA PLAINE-STADE DE FRANCE;abri;0;28;40;28;68;En service;2017-01-04;2017;SNCF;;;72211;La Plaine Stade De France;LA PLAINE-STADE DE FRANCE;B;A01857;C01743;93066;Saint-Denis;93;653252.0;6868887.0
48.918274364, 2.36212618315;"{""type"": ""Point"", ""coordinates"": [2.362126183148929, 48.91827436396334]}";103;LA PLAINE-STADE DE FRANCE;consigne;40;0;40;28;68;En service;2017-01-04;2017;SNCF;Kisio;http://veligo.transilien.com/fr/articles.php;72211;La Plaine Stade De France;LA PLAINE-STADE DE FRANCE;B;A01857;C01743;93066;Saint-Denis;93;653252.0;6868887.0
48.8040121342, 2.44456172788;"{""type"": ""Point"", ""coordinates"": [2.444561727880796, 48.80401213422577]}";116;MAISONS-ALFORT-LES JUILLIOTTES;abri;0;20;0;62;62;En service;2017-01-01;2017;CD94;;;70358;Maisons-Alfort Les Juilliottes;MAISONS-ALFORT-LES JUILLIOTTES;M8;A01541;C01378;94046;Maisons-Alfort;94;659204.0;6856136.0
48.8091090334, 2.4343580378;"{""type"": ""Point"", ""coordinates"": [2.434358037797923, 48.809109033395174]}";119;MAISONS-ALFORT-STADE;abri;0;28;0;28;28;En service;2016-01-01;2016;CD94;;;70426;Maisons-Alfort - Stade;MAISONS-ALFORT-STADE;M8;A01541;C01378;94046;Maisons-Alfort;94;658459.0;6856708.0
48.8156643455, 2.37736510846;"{""type"": ""Point"", ""coordinates"": [2.377365108460785, 48.81566434546333]}";28;PIERRE CURIE;abri;0;20;0;20;20;En service;2015-01-11;2015;CD94;;;70537;Pierre et Marie Curie;PIERRE CURIE;M7;A01540;C01377;94041;Ivry-sur-Seine;94;654279.0;6857468.0
48.7955722434, 2.64982525852;"{""type"": ""Point"", ""coordinates"": [2.649825258517541, 48.79557224344387]}";169;ROISSY-EN-BRIE;abri;0;24;40;24;64;En service;2018-01-02;2018;CA Paris Vallée de la Marne;;;67839;Roissy-en-Brie (Gare);ROISSY-EN-BRIE;E;A01843;C01729;77390;Roissy-en-Brie;77;674276.0;6855111.0
48.7643021529, 2.40504495517;"{""type"": ""Point"", ""coordinates"": [2.40504495517487, 48.7643021528949]}";134;ROUGET DE LISLE;abri;0;12;0;12;12;En service;2017-01-01;2017;CD94;;;69846;Rouget De Lisle;ROUGET DE LISLE;TVM | 393;A00924 | A01178;C01071 | C01318;94022;Choisy-le-Roi;94;656269.0;6851742.0
48.7407221651, 2.3529940251;"{""type"": ""Point"", ""coordinates"": [2.352994025103959, 48.74072216510959]}";135;RUNGIS-LA FRATERNELLE;abri;0;20;0;40;40;En service;2016-01-01;2016;CD94;;;69633;Rungis La Fraternelle;RUNGIS-LA FRATERNELLE;C;A01840;C01727;94065;Rungis;94;652421.0;6849150.0
48.9351037583, 2.34626014231;"{""type"": ""Point"", ""coordinates"": [2.346260142309923, 48.935103758321354]}";37;SAINT-DENIS;consigne;56;0;56;0;56;En service;2012-07-31;2012;SNCF;Kisio;http://veligo.transilien.com/fr/articles.php;72323;Saint-Denis (Gare);SAINT-DENIS;M13;A01546;C01383;93066;Saint-Denis;93;652105.0;6870768.0
48.7868757641, 2.04521599077;"{""type"": ""Point"", ""coordinates"": [2.045215990768857, 48.786875764121575]}";42;SAINT-QUENTIN-EN-YVELINES;consigne;200;0;230;318;548;En service;2017-01-01;2017;CA Saint-Quentin-en-Yvelines;Vélogik;http://www.velostation.sqy.fr/;63812;Saint-Quentin-en-Yvelines (Gare);SAINT-QUENTIN-EN-YVELINES;N | U | C;A01847 | A01855 | A01840;C01736 | C01741 | C01727;78423;Montigny-le-Bretonneux;78;629851.0;6854511.0
48.7868476632, 2.04521119647;"{""type"": ""Point"", ""coordinates"": [2.045211196469955, 48.78684766320883]}";142;SAINT-QUENTIN-EN-YVELINES;abri;0;318;230;318;548;En service;2017-01-01;2017;CA Saint-Quentin-en-Yvelines;;;63812;Saint-Quentin-en-Yvelines (Gare);SAINT-QUENTIN-EN-YVELINES;N | U | C;A01847 | A01855 | A01840;C01736 | C01741 | C01727;78423;Montigny-le-Bretonneux;78;629851.0;6854508.0
48.7716879212, 2.50644098722;"{""type"": ""Point"", ""coordinates"": [2.506440987219383, 48.77168792123779]}";146;SUCY-BONNEUIL;abri;0;20;0;40;40;En service;2016-01-01;2016;CD94;;;72929;Sucy Bonneuil;SUCY-BONNEUIL;A;A01856;C01742;94071;Sucy-en-Brie;94;663726.0;6852512.0
48.8400357122, 2.65451411755;"{""type"": ""Point"", ""coordinates"": [2.654514117553768, 48.840035712225514]}";45;TORCY;consigne;100;0;100;0;100;En service;2015-05-18;2015;CA Paris Vallée de la Marne;Promo Métro;https://pvm.rouelibre.fr/;68129;Torcy (Gare);TORCY;A;A01856;C01742;77468;Torcy;77;674642.0;6860053.0
48.7754431239, 2.00712185397;"{""type"": ""Point"", ""coordinates"": [2.007121853974159, 48.77544312394998]}";46;TRAPPES;consigne;40;0;40;0;40;En service;2012-06-15;2012;SNCF;Kisio;http://veligo.transilien.com/fr/articles.php;463850;Trappes (Gare);TRAPPES;N | U;A01847 | A01855;C01736 | C01741;78621;Trappes;78;627037.0;6853275.0
48.8536267644, 2.48869786286;"{""type"": ""Point"", ""coordinates"": [2.488697862860384, 48.85362676442243]}";48;VAL-DE-FONTENAY;abri;0;32;0;120;120;En service;2015-01-11;2015;CD94;;;71718;Val de Fontenay;VAL-DE-FONTENAY;A | E;A01856 | A01843;C01742 | C01729;94033;Fontenay-sous-Bois;94;662481.0;6861631.0
48.8545396599, 2.77130565601;"{""type"": ""Point"", ""coordinates"": [2.77130565600894, 48.854539659923795]}";51;VAL-D'EUROPE;consigne;56;0;56;12;68;En service;2015-06-07;2015;CA Marne et Gondoire;Transdev;http://www.montevrain-veligo.fr/;68266;Val d'Europe;VAL-D'EUROPE;A;A01856;C01742;77307;Montévrain;77;683219.0;6861635.0
48.7454037043, 2.43804463376;"{""type"": ""Point"", ""coordinates"": [2.438044633758119, 48.74540370428061]}";54;VILLENEUVE-TRIAGE;abri;0;20;0;20;20;En service;2015-01-11;2015;CD94;;;69671;Villeneuve Triage;VILLENEUVE-TRIAGE;D;A01842;C01728;94078;Villeneuve-Saint-Georges;94;658679.0;6849623.0
48.8010131606, 2.40202950251;"{""type"": ""Point"", ""coordinates"": [2.402029502505046, 48.80101316057339]}";56;VITRY-SUR-SEINE;abri;0;40;0;70;70;En service;2015-01-11;2015;CD94;;;70313;Vitry-sur-Seine (Gare);VITRY-SUR-SEINE;C;A01840;C01727;94081;Vitry-sur-Seine;94;656078.0;6855825.0
48.8454365713, 2.43034229981;"{""type"": ""Point"", ""coordinates"": [2.430342299810597, 48.845436571309826]}";70;BERAULT;abri;0;10;0;20;20;En service;2016-01-01;2016;CD94;;;71650;Bérault;BERAULT;M1;A01534;C01371;94080;Vincennes;94;658193.0;6860749.0
48.8737326311, 2.5833373998;"{""type"": ""Point"", ""coordinates"": [2.583337399803814, 48.87373263107016]}";5;CHELLES-GOURNAY;consigne;98;0;98;0;98;En service;2012-05-15;2012;SNCF;Kisio;http://veligo.transilien.com/fr/articles.php;68407;Chelles Gournay;CHELLES-GOURNAY;P | E;A01844 | A01843;C01730 | C01729;77108;Chelles;77;669438.0;6863826.0
48.8988870008, 2.12182400064;"{""type"": ""Point"", ""coordinates"": [2.121824000641499, 48.89888700082233]}";153;LE VESINET-LE PECQ;abri;0;160;184;160;344;En service;2015-01-01;2015;CA Saint-Germain Boucles de Seine;;;64582;Le Vésinet - Le Pecq (Gare);LE VESINET-LE PECQ;A;A01856;C01742;78650;Le Vésinet;78;635618.0;6866900.0
48.8100994802, 2.38523442841;"{""type"": ""Point"", ""coordinates"": [2.385234428406857, 48.81009948023767]}";113;MAIRIE D'IVRY;abri;0;20;0;40;40;En service;2016-01-01;2016;CD94;;;70488;Mairie d'Ivry;MAIRIE D'IVRY;M7;A01540;C01377;94041;Ivry-sur-Seine;94;654852.0;6856845.0
49.0362077782, 2.0794655342;"{""type"": ""Point"", ""coordinates"": [2.079465534199538, 49.036207778246656]}";4;CERGY-PREFECTURE;consigne;50;0;50;0;50;En service;2012-10-15;2012;CA Cergy Pontoise;Indigo;http://www.cergypontoise.fr/jcms/rec2_48261/fr/ou-garer-son-velo;66696;Cergy Préfecture;CERGY-PREFECTURE;L | A;A02176 | A01856;C01740 | C01742;95127;Cergy;95;632691.0;6882205.0
48.7531891973, 2.50564915329;"{""type"": ""Point"", ""coordinates"": [2.50564915329491, 48.75318919725035]}";74;BOISSY-SAINT-LEGER;consigne;32;0;32;20;52;En service;2016-01-09;2016;RATP;Promo Métro;http://boissy.rouelibre.fr/;72881;Boissy-Saint-Léger (Gare);BOISSY-SAINT-LEGER;A;A01856;C01742;94004;Boissy-Saint-Léger;94;663655.0;6850455.0
48.9134521509, 2.25794291439;"{""type"": ""Point"", ""coordinates"": [2.257942914393088, 48.91345215090879]}";162;LES VALLEES;consigne;40;0;40;0;40;En service;2017-06-11;2017;SNCF;Kisio;http://veligo.transilien.com/fr/articles.php;72177;Les Vallées;LES VALLEES;L;A02176;C01740;92009;Bois-Colombes;92;645612.0;6868417.0
48.9475108142, 2.25687677076;"{""type"": ""Point"", ""coordinates"": [2.256876770764086, 48.9475108142161]}";67;ARGENTEUIL;consigne;78;0;78;60;138;En service;2017-01-03;2017;Ville d'Argenteuil;?;?;65063;Argenteuil (Gare);ARGENTEUIL;J;A01852;C01739;95018;Argenteuil;95;645570.0;6872205.0
49.049344506, 2.50093382678;"{""type"": ""Point"", ""coordinates"": [2.500933826776633, 49.049344506048854]}";190;LOUVRES;consigne;30;0;;;;En travaux;2018-12-31;2018;Grand Paris Aménagement et CA Roissy Pays de France;0;0;69300;Louvres (Gare);LOUVRES;D;A01842;C01728;95351;Louvres;95;663517.0;6883389.0
48.7656615399, 2.4094317904;"{""type"": ""Point"", ""coordinates"": [2.409431790395374, 48.765661539908855]}";91;CHOISY-LE-ROI RER;abri;0;12;0;48;48;En service;2017-01-01;2017;CD94;;;69852;Choisy-le-Roi (Gare);CHOISY-LE-ROI RER;C;A01840;C01727;94022;Choisy-le-Roi;94;656592.0;6851891.0
48.7659756957, 2.40968429293;"{""type"": ""Point"", ""coordinates"": [2.409684292927388, 48.76597569574809]}";92;CHOISY-LE-ROI RER;abri;0;12;0;48;48;En service;2017-01-01;2017;CD94;;;69852;Choisy-le-Roi (Gare);CHOISY-LE-ROI RER;C;A01840;C01727;94022;Choisy-le-Roi;94;656611.0;6851925.0
48.8365364329, 2.7089817409;"{""type"": ""Point"", ""coordinates"": [2.708981740899961, 48.8365364329419]}";189;BUSSY-SAINT-GEORGES;abri;0;26;;;;En travaux;2018-01-12;2018;CA Marne et Gondoire;;;68105;Bussy-Saint-Georges (Gare);BUSSY-SAINT-GEORGES;A;A01856;C01742;77058;Bussy-Saint-Georges;77;678638.0;6859648.0
48.943567397, 2.41131646547;"{""type"": ""Point"", ""coordinates"": [2.411316465468993, 48.943567397039786]}";186;DUGNY LA COURNEUVE;consigne;20;0;;;;En travaux;2018-01-11;2018;SNCF;;;426093;Dugny - La Courneuve;DUGNY LA COURNEUVE;T11;A02225;C01999;93027;La Courneuve;93;656878.0;6871671.0
48.7872541033, 2.04351073088;"{""type"": ""Point"", ""coordinates"": [2.043510730877459, 48.787254103290216]}";141;SAINT-QUENTIN-EN-YVELINES;consigne;30;0;230;318;548;En service;2017-01-01;2017;CA Saint-Quentin-en-Yvelines;Vélogik;http://www.velostation.sqy.fr/;63812;Saint-Quentin-en-Yvelines (Gare);SAINT-QUENTIN-EN-YVELINES;N | U | C;A01847 | A01855 | A01840;C01736 | C01741 | C01727;78423;Montigny-le-Bretonneux;78;629727.0;6854555.0
48.6439729961, 1.83124041562;"{""type"": ""Point"", ""coordinates"": [1.831240415619928, 48.643972996067404]}";34;RAMBOUILLET;consigne;40;0;40;0;40;En service;2012-07-15;2012;SNCF;Kisio;http://veligo.transilien.com/fr/articles.php;60665;Rambouillet (Gare);RAMBOUILLET;N;A01847;C01736;78517;Rambouillet;78;613896.0;6838836.0
48.8392751749, 2.63355233775;"{""type"": ""Point"", ""coordinates"": [2.633552337747905, 48.83927517489592]}";23;LOGNES;consigne;40;0;40;0;40;En service;2015-02-10;2015;CA Paris Vallée de la Marne;Promo Métro;https://pvm.rouelibre.fr/;68123;Lognes (Gare);LOGNES;A;A01856;C01742;77258;Lognes;77;673103.0;6859976.0
48.9573249765, 2.87379264839;"{""type"": ""Point"", ""coordinates"": [2.873792648385779, 48.957324976487044]}";179;MEAUX;consigne;40;0;40;0;40;En service;2018-09-18;2018;SNCF;Kisio;http://veligo.transilien.com/fr/articles.php;68963;Meaux (Gare);MEAUX;P;A01844;C01730;77284;Meaux;77;690757.0;6873048.0
48.9232174118, 2.21796162227;"{""type"": ""Point"", ""coordinates"": [2.217961622271621, 48.923217411757925]}";32;PONT DE BEZONS;abri;0;30;48;60;108;En service;2013-03-04;2013;CA Saint-Germain Boucles de Seine;;;64758;Pont de Bezons;PONT DE BEZONS;T2;A01192;C01390;95063;Bezons;95;642693.0;6869531.0
48.838538908, 2.49485055693;"{""type"": ""Point"", ""coordinates"": [2.494850556928451, 48.838538908008545]}";166;NOGENT-LE-PERREUX;abri;0;14;40;56;96;En service;2018-01-02;2018;CD94;;;71609;Nogent Le Perreux;NOGENT-LE-PERREUX;E;A01843;C01729;94058;Le Perreux-sur-Marne;94;662922.0;6859950.0
48.8385044327, 2.49392851907;"{""type"": ""Point"", ""coordinates"": [2.493928519069896, 48.83850443268143]}";164;NOGENT-LE-PERREUX;abri;0;28;40;56;96;En service;2018-01-02;2018;CD94;;;71609;Nogent Le Perreux;NOGENT-LE-PERREUX;E;A01843;C01729;94052;Nogent-sur-Marne;94;662855.0;6859947.0
48.8433849993, 2.61561699967;"{""type"": ""Point"", ""coordinates"": [2.61561699966626, 48.84338499929477]}";167;NOISIEL;abri;0;20;20;20;40;En service;2018-01-02;2018;CA Paris Vallée de la Marne;;;68153;Noisiel (Gare);NOISIEL;A;A01856;C01742;77337;Noisiel;77;671789.0;6860439.0
48.8114032717, 2.38389748495;"{""type"": ""Point"", ""coordinates"": [2.383897484954988, 48.81140327171068]}";114;MAIRIE D'IVRY;abri;0;20;0;40;40;En service;2016-01-01;2016;CD94;;;70488;Mairie d'Ivry;MAIRIE D'IVRY;M7;A01540;C01377;94041;Ivry-sur-Seine;94;654755.0;6856991.0
48.5138015399, 3.24976441735;"{""type"": ""Point"", ""coordinates"": [3.249764417348811, 48.51380153986441]}";109;LONGUEVILLE;abri;0;10;0;10;10;En service;2018-01-01;2018;SNCF;;;61858;Longueville (Gare);LONGUEVILLE;P;A01844;C01730;77260;Longueville;77;718446.0;6823757.0
48.6760890622, 2.35230839038;"{""type"": ""Point"", ""coordinates"": [2.352308390379207, 48.67608906217796]}";240;SAVIGNY-SUR-ORGE;consigne;40;0;40;0;40;En service;2018-12-19;2018;SNCF;0;http://veligo.transilien.com/fr/articles.php;60987;Savigny-sur-Orge (Gare);SAVIGNY-SUR-ORGE;C;A01840;C01727;91589;Savigny-sur-Orge;91;652312.0;6841965.0
48.8975177189, 2.37643993675;"{""type"": ""Point"", ""coordinates"": [2.37643993675302, 48.89751771891549]}";35;ROSA PARKS;consigne;64;0;64;0;64;En service;2016-01-02;2016;SNCF;Kisio;http://veligo.transilien.com/fr/articles.php;73798;Rosa Parks;ROSA PARKS;E;A01843;C01729;75119;Paris 19e Arrondissement;75;654283.0;6866570.0
48.6984010255, 2.50673272991;"{""type"": ""Point"", ""coordinates"": [2.50673272991412, 48.69840102547828]}";77;BRUNOY;consigne;40;0;109;20;129;En service;2018-05-25;2018;SNCF;Kisio;http://veligo.transilien.com/fr/articles.php;67476;Brunoy (Gare);BRUNOY;D;A01842;C01728;91114;Brunoy;91;663697.0;6844363.0
48.8005303941, 2.12925123127;"{""type"": ""Point"", ""coordinates"": [2.12925123126692, 48.80053039408437]}";172;VERSAILLES RIVE GAUCHE;abri;0;32;96;32;128;En service;2018-01-02;2018;SNCF;;;73721;Versailles Château Rive Gauche;VERSAILLES RIVE GAUCHE;C;A01840;C01727;78646;Versailles;78;636042.0;6855958.0
48.9225159757, 2.21821371257;"{""type"": ""Point"", ""coordinates"": [2.21821371256923, 48.92251597572304]}";31;PONT DE BEZONS;abri;0;30;48;60;108;En service;2013-03-04;2013;CA Saint-Germain Boucles de Seine;;;64758;Pont de Bezons;PONT DE BEZONS;T2;A01192;C01390;95063;Bezons;95;642710.0;6869453.0
48.8545396599, 2.77130565601;"{""type"": ""Point"", ""coordinates"": [2.77130565600894, 48.854539659923795]}";151;VAL-D'EUROPE;abri;0;12;56;12;68;En service;2015-06-07;2015;CA Marne et Gondoire;;;68266;Val d'Europe;VAL-D'EUROPE;A;A01856;C01742;77307;Montévrain;77;683219.0;6861635.0
48.8004517633, 2.40303769844;"{""type"": ""Point"", ""coordinates"": [2.403037698444248, 48.80045176334823]}";57;VITRY-SUR-SEINE;abri;0;30;0;70;70;En service;2015-01-11;2015;CD94;;;70313;Vitry-sur-Seine (Gare);VITRY-SUR-SEINE;C;A01840;C01727;94081;Vitry-sur-Seine;94;656151.0;6855762.0
48.8628390011, 2.44090899935;"{""type"": ""Point"", ""coordinates"": [2.440908999353973, 48.8628390010969]}";178;MAIRIE DE MONTREUIL;consigne;56;0;56;0;56;En service;2018-02-06;2018;Ville de Montreuil;Kisio;http://www.montreuil.fr/la-ville/venir-et-se-deplacer/se-deplacer-a-velo/;71785;Mairie de Montreuil;MAIRIE DE MONTREUIL;M9;A01542;C01379;93048;Montreuil;93;658982.0;6862679.0
48.952960131, 2.60139098348;"{""type"": ""Point"", ""coordinates"": [2.601390983481844, 48.95296013096362]}";55;VILLEPARISIS-MITRY-LE-NEUF;consigne;40;0;40;0;40;En service;2012-09-19;2012;SNCF;Kisio;http://veligo.transilien.com/fr/articles.php;68916;Villeparisis Mitry-le-Neuf;VILLEPARISIS-MITRY-LE-NEUF;B;A01857;C01743;77294;Mitry-Mory;77;670806.0;6872629.0
48.9678841151, 2.19275209401;"{""type"": ""Point"", ""coordinates"": [2.192752094006804, 48.967884115087706]}";8;CORMEILLES-EN-PARISIS;consigne;36;0;36;20;56;En service;2015-10-10;2015;Cormeilles;Promo Métro;https://cormeilles.rouelibre.fr/;65399;Cormeilles-en-Parisis (Gare);CORMEILLES-EN-PARISIS;J;A01852;C01739;95176;Cormeilles-en-Parisis;95;640896.0;6874517.0
49.0452900329, 2.32260801403;"{""type"": ""Point"", ""coordinates"": [2.322608014032983, 49.045290032851945]}";59;BOUFFEMONT-MOISSELLES;consigne;40;0;40;0;40;En service;2016-05-25;2016;SNCF;Kisio;http://veligo.transilien.com/fr/articles.php;66795;Bouffémont-Moisselles (Gare);BOUFFEMONT-MOISSELLES;H;A01849;C01737;95091;Bouffémont;95;650477.0;6883035.0
48.6134655658, 2.47345717144;"{""type"": ""Point"", ""coordinates"": [2.473457171439889, 48.6134655658045]}";7;CORBEIL-ESSONNES;consigne;56;0;56;0;56;En service;2012-06-30;2012;SNCF;Kisio;http://veligo.transilien.com/fr/articles.php;60309;Corbeil-Essonnes (Gare);CORBEIL-ESSONNES;D;A01842;C01728;91174;Corbeil-Essonnes;91;661185.0;6834937.0
48.6255554899, 2.42839007624;"{""type"": ""Point"", ""coordinates"": [2.42839007624071, 48.62555548986024]}";11;EVRY-COURCOURONNES;consigne;40;0;40;0;40;En service;2016-01-05;2016;SNCF;Kisio;http://veligo.transilien.com/fr/articles.php;60450;Évry Courcouronnes;EVRY-COURCOURONNES;D;A01842;C01728;91228;Évry;91;657873.0;6836304.0
48.83660728, 2.70920971567;"{""type"": ""Point"", ""coordinates"": [2.709209715666681, 48.83660728003593]}";188;BUSSY-SAINT-GEORGES;consigne;430;0;;;;En travaux;2018-01-12;2018;CA Marne et Gondoire;0;0;68105;Bussy-Saint-Georges (Gare);BUSSY-SAINT-GEORGES;A;A01856;C01742;77058;Bussy-Saint-Georges;77;678655.0;6859656.0
48.41581733, 2.72605456486;"{""type"": ""Point"", ""coordinates"": [2.726054564861945, 48.41581732995595]}";152;FONTAINEBLEAU-AVON;abri;0;28;112;28;140;En service;2014-05-23;2014;CC Pays de Fontainebleau;;;61579;Fontainebleau Avon;FONTAINEBLEAU-AVON;R;A01845;C01731;77014;Avon;77;679729.0;6812871.0
48.8432680495, 2.4651772149;"{""type"": ""Point"", ""coordinates"": [2.46517721489959, 48.8432680494951]}";13;FONTENAY-SOUS-BOIS;abri;0;30;0;50;50;En service;2015-01-11;2015;CD94;;;71630;Fontenay-sous-Bois (Gare);FONTENAY-SOUS-BOIS;A;A01856;C01742;94033;Fontenay-sous-Bois;94;660748.0;6860490.0
48.7261660104, 2.2577613245;"{""type"": ""Point"", ""coordinates"": [2.257761324502834, 48.72616601044412]}";120;MASSY-PALAISEAU;consigne;40;0;40;0;40;En service;2017-01-03;2017;SNCF;Kisio;http://veligo.transilien.com/fr/articles.php;63244;Massy Palaiseau;MASSY-PALAISEAU;B | C;A01857 | A01840;C01743 | C01727;91377;Massy;91;645403.0;6847594.0
48.8390543967, 2.31701303001;"{""type"": ""Point"", ""coordinates"": [2.317013030009369, 48.83905439674876]}";121;MONTPARNASSE;consigne;60;0;60;0;60;En service;2016-06-09;2016;SNCF;Kisio;http://veligo.transilien.com/fr/articles.php;415816;Gare Vaugirard;MONTPARNASSE;N;A01847;C01736;75115;Paris 15e Arrondissement;75;649870.0;6860106.0
48.8148269646, 2.24078577436;"{""type"": ""Point"", ""coordinates"": [2.240785774364345, 48.81482696457142]}";24;MEUDON;consigne;40;0;40;0;40;En service;2012-01-09;2012;SNCF;Kisio;http://veligo.transilien.com/fr/articles.php;70515;Meudon (Gare);MEUDON;N;A01847;C01736;92048;Meudon;92;644249.0;6857463.0
48.9196120585, 2.18527278239;"{""type"": ""Point"", ""coordinates"": [2.18527278238813, 48.91961205847421]}";19;HOUILLES-CARRIERES-SUR-SEINE;abri;0;52;0;52;52;En service;2015-01-03;2015;CA Saint Germain Boucles de Seine;;;64741;Houilles Carrières-sur-Seine (Gare);HOUILLES-CARRIERES-SUR-SEINE;J | L | A;A01852 | A02176 | A01856;C01739 | C01740 | C01742;78311;Houilles;78;640293.0;6869155.0
48.7701568929, 2.3494538818;"{""type"": ""Point"", ""coordinates"": [2.349453881799984, 48.770156892918045]}";111;MAIRIE DE CHEVILLY;abri;0;12;0;12;12;En service;2017-01-01;2017;CD94;;;69913;Centre Culturel André Malraux / Mairie;MAIRIE DE CHEVILLY;TVM;A00924;C01071;94021;Chevilly-Larue;94;652188.0;6852425.0
48.8252395786, 2.51137437725;"{""type"": ""Point"", ""coordinates"": [2.511374377247884, 48.825239578603714]}";158;LES BOULLEREAUX-CHAMPIGNY;abri;0;20;0;20;20;En service;2017-01-06;2017;CD94;;;73098;Les Boullereaux Champigny;LES BOULLEREAUX-CHAMPIGNY;E;A01843;C01729;94017;Champigny-sur-Marne;94;664126.0;6858464.0
48.820081779, 2.46437164065;"{""type"": ""Point"", ""coordinates"": [2.464371640653161, 48.82008177901688]}";161;JOINVILLE-LE-PONT;abri;0;20;0;44;44;En service;2017-01-06;2017;CD94;;;70640;Joinville-le-Pont (Gare);JOINVILLE-LE-PONT;A;A01856;C01742;94042;Joinville-le-Pont;94;660671.0;6857913.0
48.9870107262, 2.06002769681;"{""type"": ""Point"", ""coordinates"": [2.060027696811538, 48.987010726237926]}";62;MAURECOURT;abri;0;10;0;10;10;En service;2015-01-11;2015;CU Grand Paris Seine et Oise;;;65827;Maurecourt;MAURECOURT;J;A01852;C01739;78015;Andrésy;78;631204.0;6876751.0
48.7932835711, 2.32087443485;"{""type"": ""Point"", ""coordinates"": [2.320874434846985, 48.793283571071996]}";69;BAGNEUX;abri;0;30;0;30;30;En service;2016-01-01;2016;CD94;;;70210;Bagneux;BAGNEUX;B;A01857;C01743;94016;Cachan;94;650110.0;6855014.0
48.8900862337, 2.13460087389;"{""type"": ""Point"", ""coordinates"": [2.134600873894952, 48.89008623374553]}";191;LE VESINET-CENTRE;consigne;70;0;;;;En travaux;2019-01-03;2019;CA St Germain Boucles de Seine;Transdev;;64514;Le Vésinet Centre;LE VESINET-CENTRE;A;A01856;C01742;78650;Le Vésinet;78;636544.0;6865911.0
48.7705293581, 2.6900087587;"{""type"": ""Point"", ""coordinates"": [2.690008758704868, 48.770529358133736]}";128;OZOIR-LA-FERRIERE;consigne;40;0;40;0;40;En service;2016-01-05;2016;SNCF;Kisio;http://veligo.transilien.com/fr/articles.php;462934;Gare d'Ozoir-la-Ferrière;OZOIR-LA-FERRIERE;E;A01843;C01729;77350;Ozoir-la-Ferrière;77;677217.0;6852314.0
48.8385851844, 2.4939261001;"{""type"": ""Point"", ""coordinates"": [2.493926100102199, 48.83858518443225]}";163;NOGENT-LE-PERREUX;consigne;40;0;40;56;96;En service;2018-01-02;2018;SNCF;Kisio;http://veligo.transilien.com/fr/articles.php;71609;Nogent Le Perreux;NOGENT-LE-PERREUX;E;A01843;C01729;94052;Nogent-sur-Marne;94;662854.0;6859956.0
48.9458825118, 2.36420780119;"{""type"": ""Point"", ""coordinates"": [2.364207801186282, 48.94588251182414]}";38;SAINT-DENIS-UNIVERSITE;consigne;32;0;32;20;52;En service;2015-05-11;2015;RATP;Promo Métro;https://stdenis.rouelibre.fr/;72358;Saint-Denis Université;SAINT-DENIS-UNIVERSITE;M13;A01546;C01383;93066;Saint-Denis;93;653429.0;6871955.0
48.88725672, 2.17177921013;"{""type"": ""Point"", ""coordinates"": [2.171779210134462, 48.887256720033484]}";36;RUEIL-MALMAISON;consigne;448;0;448;0;448;En service;2015-03-09;2015;Ville de Rueil-Malmaison;Promo Métro;https://rueil.rouelibre.fr/;70902;Rueil-Malmaison (Gare);RUEIL-MALMAISON;A;A01856;C01742;92063;Rueil-Malmaison;92;639267.0;6865567.0
48.8433653899, 2.61575300469;"{""type"": ""Point"", ""coordinates"": [2.615753004691322, 48.84336538987001]}";168;NOISIEL;consigne;20;0;20;20;40;En service;2018-01-02;2018;CA Paris Vallée de la Marne;Promo Métro;https://pvm.rouelibre.fr/;68153;Noisiel (Gare);NOISIEL;A;A01856;C01742;77337;Noisiel;77;671799.0;6860437.0
48.7298832824, 2.44579933138;"{""type"": ""Point"", ""coordinates"": [2.445799331382792, 48.72988328236921]}";53;VILLENEUVE-SAINT-GEORGES;abri;0;44;0;56;56;En service;2015-01-11;2015;CD94;;;69568;Villeneuve-Saint-Georges (Gare);VILLENEUVE-SAINT-GEORGES;D;A01842;C01728;94078;Villeneuve-Saint-Georges;94;659237.0;6847893.0
48.7402503198, 2.35312729282;"{""type"": ""Point"", ""coordinates"": [2.353127292820634, 48.74025031982307]}";136;RUNGIS-LA FRATERNELLE;abri;0;20;0;40;40;En service;2016-01-01;2016;CD94;;;69633;Rungis La Fraternelle;RUNGIS-LA FRATERNELLE;C;A01840;C01727;94065;Rungis;94;652431.0;6849098.0
48.95030435, 2.23111003507;"{""type"": ""Point"", ""coordinates"": [2.231110035065191, 48.95030434995065]}";184;VAL-D'ARGENTEUIL;abri;0;30;0;30;30;En service;2018-01-09;2018;Ville d'Argenteuil;;;65110;Val d'Argenteuil;VAL-D'ARGENTEUIL;J;A01852;C01739;95018;Argenteuil;95;643686.0;6872534.0
48.9475267187, 2.25794900892;"{""type"": ""Point"", ""coordinates"": [2.257949008921306, 48.947526718747376]}";66;ARGENTEUIL;abri;0;30;78;60;138;En service;2017-01-03;2017;Ville d'Argenteuil;;;65063;Argenteuil (Gare);ARGENTEUIL;J;A01852;C01739;95018;Argenteuil;95;645648.0;6872206.0
48.770835269, 2.50831303513;"{""type"": ""Point"", ""coordinates"": [2.508313035134284, 48.770835268961434]}";147;SUCY-BONNEUIL;abri;0;20;0;40;40;En service;2016-01-01;2016;CD94;;;72929;Sucy Bonneuil;SUCY-BONNEUIL;A;A01856;C01742;94071;Sucy-en-Brie;94;663863.0;6852416.0
